{
    "nbit": 8, 
    "n_rep": 4, 
    "beta_in": 5000, 
    "beta_final": 500000000, 
    "L_list": [(0.001,0.000001), (0.001,0.000001), (0.1,0.0001), (1,0.1), (1,0.1)], 
    "layer_list": [0,1,2,3,4]
}
