{
    "nbit": 8, 
    "n_rep": 1, 
    "beta_in": 5000, 
    "beta_final": 5000000000000, 
    "L_list": [[0.0001,0.000001], [0.0001,0.000001], [0.1,0.001], [2,0.1], [3,0.1]],
    "L_list_0.852_step_12": [[0.0001,0.000001], [0.0001,0.000001], [0.1,0.001], [2,0.1], [3,0.1]],
    "L_list_orig": [[0.0001,0.000001], [0.0001,0.000001], [0.1,0.001], [2,0.001], [3,0.01]],  
    "n_reads": 500, 
    "t_ann": 1,
    "layer_list": [0,1,2,3,4]
}
